discount_bucket,revenue,orders,avg_ticket
0%,0.0,0,
0–5%,1211447.43,639,1895.8488732394364
5–10%,1150067.67,628,1831.3179458598725
10–20%,1129279.99,603,1872.7694693200663
20%+,0.0,0,
