payment,orders,confirm_rate,cancel_rate,avg_ticket
Boleto,510,0.23137254901960785,0.26862745098039215,2441.5965490196077
Credito,488,0.2581967213114754,0.23565573770491804,2373.4578278688523
Debito,515,0.23495145631067962,0.2737864077669903,2454.8434368932035
PIX,487,0.2731006160164271,0.25256673511293637,2744.275359342916
