Category,Subcategory,orders,revenue,avg_ticket,avg_discount
Eletrônicos,"Celulares, Tablets e Acessórios",7,14286.61,2040.9442857142858,0.08172857142857144
Eletrônicos,Informática,5,6549.85,1309.97,0.08658
Eletrônicos,Áudio e Vídeo,7,18608.989999999998,2658.4271428571424,0.05432857142857143
